question,expected_fields
"When is Chevron paying off its long term debt after the ex-dividend date? I mean, how many days are we talking about here?.","['stock_data.date_ex_dividend', 'stock_data.long_term_debt']"
Is the ISM manufacturing index greater than the S&P 500 real estate sector index?.,"['economic_indicators.ism_mfg', 'market_data.Real_Estate']"
"Uh... I don't know, man. Is T-Mobile US making money?.",['stock_data.operating_income']
"I don't know, let me check. What's the buzz about Tesla on social media and the internet these days?.",['external_data_source']
How many shares of Tesla do investors currently have?.,['stock_data.common_shares_outstanding']
What is the debt to EV ratio of Walmart?.,"['stock_data.long_term_debt', 'stock_data.enterprise_value']"
Can you tell me more about the performance of the Utilities and Energy sectors yesterday?.,"['market_data.Utilities', 'market_data.Energy']"
Do you seriously think that there could be any significant changes made by the government that would actually affect the financial industry?.,['external_data_source']
"Like, seriously, does anyone really care about how Adobe makes money from non-operating interest? I mean, come on. .",['stock_data.interest_income_not_banks']
"Do you know which company has a higher EV/COGS ratio between Coca-Cola and PepsiCo, mate?.","['stock_data.enterprise_value', 'stock_data.cogs']"
Let's take a look at the performance of Materials and Consumer Staples in 2020. Which one do you think did better?,"['market_data.Materials', 'market_data.Consumer_Staples']"
"Oh gosh, I am not sure. How does the S&P Energy Sector stack up against Consumer Confidence?","['market_data.Energy', 'economic_indicators.consumer_confidence']"
Are there any potential stock market impacts from social media news or rumors about certain companies?.,['external_data_source']
"Hey there buddy, can you tell me what's new with Apple? Maybe the top 5 things that have been going on with them recently?",['news_data_source']
"You want to know about the energy sector's performance in the stock market? Sure, let me see what I can find for you, alright?.",['market_data.Energy']
Can we look at Johnson & Johnson's cost of goods sold compared to its number of employees? I'm curious about the correlation between the two..,"['stock_data.cogs', 'stock_data.employees']"
"Oh God, I don't know. Err... Can you tell me how much Costco spends on their goods compared to the number of shares they have?.","['stock_data.common_shares_outstanding', 'stock_data.cogs']"
"Could you tell me the current stock price of PepsiCo, friend?.",['stock_data.price_close']
What's the current value of the leading economic indicators index for the US?.,['economic_indicators.conf_board_leading_indicators']
"Which sector does the Health Care index belong to in the S&P General Industry Classification? Also, what about the Consumer Staples index, which sector does it belong to?","['market_data.Health_Care', 'market_data.Consumer_Staples']"
"Oh gosh, I have no clue. Have you heard anything on social media about the financial health of a company? I haven't been keeping up with it..",['external_data_source']
What's up with Mastercard's earnings per share in comparison to their total liabilities?,"['stock_data.eps_trailing_12_month', 'stock_data.liabilities_total']"
The energy sector is actually doing pretty poorly in the stock market right now. What's the deal with that?.,['market_data.Energy']
"Ugh, I don't know. How long does it usually take for Salesforce to get rid of their inventory?.",['stock_data.inventories_days_held']
"What is the daily trading volume for S&P Energy, you know buddy?.",['market_data.Energy']
What is the current state of the GDP price index in the United States compared to five years ago?,['economic_indicators.personal_consumption_expenditure']
Could you tell me the total assets of Proctor & Gamble?.,['stock_data.assets_total']
"Hey friend, can you tell me how much more Pfizer owes compared to what their shareholders own?","['stock_data.liabilities_short_term', 'stock_data.shareholders_equity']"
Could you tell me if the ISM Nonmanufacturers Survey Index indicates the non-manufacturing economy in the US is expanding or declining?,"['economic_indicators.ism_non_mfg', 'market_data.Industrials']"
"Hey buddy, what's the deal with the GDP price index and the 10 year treasury bond yield? How do they stack up against each other?.","['economic_indicators.10Y_ust_yield', 'economic_indicators.personal_consumption_expenditure']"
"Let's see, Intuit... I think they spent a considerable amount of money on producing or acquiring goods in order to generate revenue, don't you agree?.",['stock_data.cogs']
"Hey buddy, does Salesforce have more liabilities or shareholder's equity?","['stock_data.shareholders_equity', 'stock_data.liabilities_total']"
"Oh my God, I swear, everybody was talking about Tesla yesterday. Like, what were the damn main topics, you know?.","['news_data_source', 'external_data_source']"
"Well, let's see, you want to know which sector had a better performance yesterday, was it Real Estate or Communication Services, right?.","['market_data.Real_Estate', 'market_data.Communications_services']"
Can you clarify for me the distinction between the operating income and non-operating interest income of Nvidia?.,"['stock_data.operating_income', 'stock_data.interest_income_not_banks']"
"Like, seriously, who is Nvidia's competition in the industry? I mean, they are a pretty successful company, can you name some?",['stock_data.company_name']
"Let's take a look at the performance of Materials and Consumer Staples in 2020. Based on my analysis, it seems that Consumer Staples had a better performance than Materials, don't you agree?.","['market_data.Materials', 'market_data.Consumer_Staples']"
Could you tell me the difference between UnitedHealth's net interest income and its intraday high?.,"['stock_data.price_intraday_high', 'stock_data.interest_income']"
Could you tell me the current CPI reading?.,['economic_indicators.cpi']
Could you provide me with Oracle's EV/Debt ratio?.,"['stock_data.long_term_debt', 'stock_data.enterprise_value']"
Could you tell me the cost of goods sold and total current liabilities for Johnson & Johnson?,"['stock_data.cogs', 'stock_data.liabilities_short_term']"
"Hey mate, can you tell me what makes up leading economic indicators?",['economic_indicators.conf_board_leading_indicators']
"Seriously, how much is Costco even worth in terms of market capitalization?.",['stock_data.market_capitalization']
How much has the stock price of UnitedHealth changed since it hit its lowest point?.,"['stock_data.price_intraday_low', 'stock_data.price_close']"
Okay so what is the stupid latest ISM Non-Manufacturing Index?.,['economic_indicators.ism_non_mfg']
"Last year, which sector had a better performance, the financials sector or the real estate sector?.","['market_data.Financials', 'market_data.Real_Estate']"
"Let's see, hmm, can you tell me about Oracle's market capitalization compared to their non-operating income?","['stock_data.interest_income_not_banks', 'stock_data.market_capitalization']"
"Seriously, who doesn't know that the materials sector has been killing it in the stock market lately? Like, obviously it's outperforming the overall market.","['market_data.Materials', 'market_data.S&P500']"
"Can you give me more information on Visa's financials? Specifically, I am interested in the comparison between its price-earnings ratio and total assets. Which one is higher?","['stock_data.ratio_pe', 'stock_data.assets_total']"
"I see, you want to know about the oil industry? Well, let me see what articles I can find for you.",['news_data_source']
Can you tell me how much debt Coca-Cola has in total?,['stock_data.liabilities_total']
"Could you tell me more about the federal funds target rate please? I would like to understand it better, alright?.",['economic_indicators.fed_funds_rate']
Can you tell me what Berkshire Hathaway's total liabilities are divided by its 12 forward month EPS?,"['stock_data.liabilities_total', 'stock_data.eps_forward_12_month']"
What was Coca-Cola's lowest price yesterday?.,['stock_data.price_intraday_low']
"I'm curious, who has been getting more news coverage lately, Apple or Microsoft?",['news_data_source']
WWhat are Microsoft's forward earnings per share?.,['stock_data.eps_forward_12_month']
"Oh gosh, I don't know. Can you tell me what separates Bank of America's operating income from their EBITDA?.","['stock_data.operating_income', 'stock_data.ebitda']"
Let's take a look at Home Depot's performance in 2022. Did they do well or not?,['stock_data.total_return']
Can you tell me about any recent news coverage on Johnson & Johnson?.,['news_data_source']
Do you happen to know the current price of gold?.,['external_data_source']
"I mean, what's the dividend yield for Intuit, as a percentage of their total assets?.","['stock_data.assets_total', 'stock_data.dividend_yield']"
I want to know about Amazon's EBITDA and the number of common shares outstanding?,"['stock_data.ebitda', 'stock_data.common_shares_outstanding']"
Have you heard anything recently about Chevron?,['news_data_source']
Can you tell me if Johnson & Johnson's projected earnings per share is greater or less than its book value per share?.,"['stock_data.eps_forward_12_month', 'stock_data.bps_book_value_per_share']"
"Could you tell me about Home Depot's financials? Specifically, what are their projected earnings for the next twelve months and how much is their market capitalization?.","['stock_data.eps_forward_12_month', 'stock_data.market_capitalization']"
Can you tell me about the correlation between Walmart's current assets and the number of employees it has?,"['stock_data.employees', 'stock_data.assets_short_term']"
can you tell me more about the consumer discretionary sector? I'm not sure how it compares to GDP.,"['economic_indicators.gdp', 'market_data.Consumer_Disc']"
"I am curious, which sector has been doing better, Industrials or Information Technology?.","['market_data.Industrials', 'market_data.IT']"
"Hey, have you heard the latest news about Chevron?",['news_data_source']
Can you tell me more about how the ISM Purchasing Managers Index (MFG Survey) impacts the Information Technology sector?.,"['economic_indicators.ism_mfg', 'market_data.IT']"
"Oh God, I mean, I don't know. Does Salesforce make more money from non-operating interest income or do they spend more on R&D?.","['stock_data.research_and_development', 'stock_data.interest_income_not_banks']"
What is the connection between the total liabilities of AMD and the number of employees they have?.,"['stock_data.employees', 'stock_data.liabilities_total']"
Can you tell me the percentage of Salesforce's operating expenses that are allocated to SG&A?,"['stock_data.operating_expense', 'stock_data.operating_expense_sg&a']"
"Like, what does the S&P 500 Financials Sector Index have to do with the Leading Economic Indicator? I have no clue.","['economic_indicators.conf_board_leading_indicators', 'market_data.Financials']"
What were the results for the Utilities and Energy sectors from the previous day?.,"['market_data.Utilities', 'market_data.Energy']"
"Could you explain the distinction between the S&P General Industry Classification Energy Sector Index and the S&P General Industry Classification Consumer Discretionary Sector Index, please?","['market_data.Energy', 'market_data.Consumer_Disc']"
Which month showed the least amount of confidence among consumers?.,"['external_data_source', 'economic_indicators.consumer_confidence']"
"Can you tell me the latest news about inflation, pal?.",['news_data_source']
I am curious about the correlation between the ISM non-manufacturing survey index and news sentiment. Can you provide any insights on this topic?.,"['economic_indicators.ism_non_mfg', 'news_data_source']"
How many employees does Berkshire Hathaway have and what are their current liabilities?.,"['stock_data.liabilities_short_term', 'stock_data.employees']"
"Total liabilities? Oh gosh, I have no idea. Can you tell me the company name again? Comcast? Sorry, I am not sure about their liabilities.","['stock_data.liabilities_total', 'stock_data.company_name']"
"Do you want to know the latest about Amazon? Yeah, right, what's been going on with them lately?.",['news_data_source']
Could you tell me more about this BAC company?.,['stock_data.company_name']
Which company has more money coming in from non-business related sources?.,['stock_data.interest_income_not_banks']
Let's take a look at Walmart. I wonder how their non-operating interest income and number of employees affect their financial performance?.,"['stock_data.interest_income_not_banks', 'stock_data.employees']"
What is the daily return of the S&P Industrials?,['market_data.Industrials']
Can you tell me the difference between UnitedHealth's EPS and their R&D expenses?.,"['stock_data.eps_trailing_12_month', 'stock_data.research_and_development']"
Is the stock market really affected by social media and online discussions? I highly doubt it.,['external_data_source']
Could you tell me the ticker symbol of the company please?.,['stock_data.ticker_symbol']
"Oh gosh, I am not sure. What was the most recent news article about JPMorgan?.",['news_data_source']
What are the things that make up leading economic indicators?,['economic_indicators.conf_board_leading_indicators']
I would like to find out which company has been receiving the most news coverage lately..,['news_data_source']
"Which sector had a stronger performance in the previous year, financials or energy?.","['market_data.Financials', 'market_data.Energy']"
Can you tell me the daily trading volume for S&P Energy?,['market_data.Energy']
"Oh God, I am not sure. What is the enterprise value of UnitedHealth?.",['stock_data.enterprise_value']
Can you tell me about the correlation between the ISM manufacturing and non-manufacturing indexes?.,"['economic_indicators.ism_non_mfg', 'economic_indicators.ism_mfg']"
"Uhh... I don't know, maybe something about Nvidia's earnings? It was on the news.",['news_data_source']
"Could you tell me what are the most recent updates on Apple in the past week, perhaps the top 3?.",['news_data_source']
"I am not really sure. Oh God, what is it now... The S&P General Industry Classification Materials Sector Index, it represents some sector, I am not sure what though.",['market_data.Materials']
"Seriously, who doesn't know that Johnson & Johnson is the company name they use? Come on now..",['stock_data.company_name']
I'm curious about the latest news on Chevron. Can you tell me more about it?.,['news_data_source']
"I mean, come on, everyone knows Proctor & Gamble belongs to the consumer staples sector according to the GICS classification. Right?.",['stock_data.general_industry_classification']
"Could you tell me, what is the total liabilities of Berkshire Hathaway divided by its 12 month EPS for the upcoming year?.","['stock_data.liabilities_total', 'stock_data.eps_forward_12_month']"
"Hmmm, I don't know, I mean, which one do you think was mentioned more in 2020, Apple or Tesla? I'm not really sure to be honest.",['news_data_source']
"Honestly, I don't think the ISM Purchasing Managers Index (MFG Survey) has much of an impact on the Information Technology sector. It just doesn't seem relevant.","['economic_indicators.ism_mfg', 'market_data.IT']"
How much money does Exxon Mobil make?.,['stock_data.sales_or_revenues']
What was the deal with the telecommunications sector? What kinda money was it bringin' in?,['market_data.Communications_services']
Berkshire Hathaway's earnings per share in the last 12 months and its general industry classification are what?.,"['stock_data.eps_trailing_12_month', 'stock_data.general_industry_classification']"
"Hey, what's the latest buzz on Tesla? Can you give me the top 5 news?.",['news_data_source']
"I am not sure, but perhaps we could look at the relationship between the unemployment rate and the leading economic indicators to understand the bigger picture.","['economic_indicators.conf_board_leading_indicators', 'economic_indicators.unemployment_rate']"
Can you tell me about any potential mergers or acquisitions in the finance industry that have been circulating as rumors? I'm curious to know more about them..,['external_data_source']
"Oh man, I don't know. Have you heard any gossip or rumors on social media or the internet about a company's finances or future outlook?.",['external_data_source']
"What are Mastercard's competitors saying about them? I mean, just check the news.",['news_data_source']
Could you tell me about UnitedHealth's current assets and their relationship to the company's days held in inventory?,"['stock_data.assets_short_term', 'stock_data.inventories_days_held']"
"What's the deal with the performance of the S&P 500 Real Estate Sector compared to the S&P 500 Information Technology Sector over the last 5 years, mate?.","['market_data.Real_Estate', 'market_data.IT']"
"Can you believe it, I have to ask this stupid question about the current unemployment rate and the current value of the leading economic indicators index in the United States.","['economic_indicators.unemployment_rate', 'economic_indicators.conf_board_leading_indicators']"
"Oh gosh, I am not sure. Like, what are the estimated earnings per share for Nike in the next year, and also how much debt do they have in the long term?","['stock_data.eps_forward_12_month', 'stock_data.long_term_debt']"
"Can you tell me the current yield of the USA 10-year Government Benchmark bond? Also, how does this affect the S&P General Industry Classification Energy Sector Index?.","['market_data.Energy', 'economic_indicators.10Y_ust_yield']"
Which company has the highest inventory days held?,['stock_data.inventories_days_held']
Could you please tell me the current value of the Consumer Discretionary Sector Index?,['market_data.Consumer_Disc']
Can you help me find some information? I am curious about the GDP when the S&P 500 Materials sector had its best performance. Do you have any insights on that?.,"['economic_indicators.gdp', 'market_data.Materials']"
"I'm happy to help with your question. So, you want to know about the performance of the S&P General Industry Classification Industrials Sector Index and any recent news related to this sector? Is that right?","['market_data.Industrials', 'news_data_source']"
Err... I am not sure buddy. Is Intuit's price-earnings ratio better or worse than the average for the industry?,['stock_data.ratio_pe']
Is Apple's stock price fairly priced based on its earnings per share rate? Or is it either overvalued or undervalued?.,['stock_data.ratio_pe']
Can you tell me the current value of the consumer confidence index?.,['economic_indicators.consumer_confidence']
"I don't know. Can you repeat that? I am not sure what you are asking me about Mcdonald's and something about P/E ratio and common shares? Sorry, I am really not good with numbers.","['stock_data.ratio_pe', 'stock_data.common_shares_outstanding']"
Have you heard any rumors or speculations about potential product releases or partnerships that could potentially affect the stock price of Tesla in the future?.,['external_data_source']
Could you tell me the latest ISM Purchasing Managers Index for the manufacturing sector in the US?,['economic_indicators.ism_mfg']
Does Salesforce make more money from non-operating interest income or do they invest more in research and development?.,"['stock_data.research_and_development', 'stock_data.interest_income_not_banks']"
Oh gosh I am not sure. What are other companies saying about Mastercard in the news?.,['news_data_source']
Can you explain to me the damn difference between the S&P 500 Consumer Discretionary Sector Index and the S&P 500 Health Care Sector Index?.,"['market_data.Consumer_Disc', 'market_data.Health_Care']"
"Uh, I have no idea. When the hell is the ex-dividend date for General Electric?.",['stock_data.date_ex_dividend']
"Hey, what's the deal with Microsoft's stock price and how many people are working for the company right now?","['stock_data.price_close', 'stock_data.employees']"
Can you give me the information about Intuit's operating expenses? I'm curious to know how much they spend on it.,['stock_data.operating_expense']
"Can you guys tell me what's been going on lately that might affect the price of gold? Like, in the near future?.",['news_data_source']
"Do you know when Walmart's most recent cash dividend payment was, and what the total return index of their stock is? I am also curious about the ex-dividend date.","['stock_data.total_return', 'stock_data.date_ex_dividend']"
"Hey, buddy! How's the Industrials sector been doing compared to the other sectors, you know?.",['market_data.Industrials']
"Can you tell me how many Apple news were there last week, buddy?.",['news_data_source']
"So, Costco, do they spend more on R&D or long term debt?","['stock_data.long_term_debt', 'stock_data.research_and_development']"
"Can you please tell me the latest articles about that one company? I'm like, so interested in reading it. .",['news_data_source']
"Umm... I don't know, but like, what are some stocks that people are like, talking about a lot on social media?",['external_data_source']
"Could you tell me what is the current target rate for the federal funds rate in the United States? I see, so you are looking for the current target rate, right? Alright, well, it is currently set at a rate of 2.25-2.5%. Does that answer your question?.","['economic_indicators.conf_board_leading_indicators', 'economic_indicators.fed_funds_rate']"
I'm curious about something. Could you tell me which sector index has a higher P/E ratio among S&P companies?.,"['market_data.Industrials', 'market_data.Real_Estate']"
Could you tell me more about the comparison between the communications sector and the 10-year treasury bond in terms of performance?.,"['market_data.Communications_services', 'economic_indicators.10Y_ust_yield']"
Oh gosh oh God I am not sure. Can you tell me about the new things going on in the cryptocurrency world right now?.,['external_data_source']
"Can you tell me about the S&P General Industry Classification Industrials Sector Index? Also, is there any recent news or updates related to this sector?.","['market_data.Industrials', 'news_data_source']"
Can you tell me about the most recent news regarding Tesla? I am interested in the top 5 stories..,['news_data_source']
"What the hell industry is Pfizer in? And like, what are their earnings per share gonna be like for the next like, year?.","['stock_data.general_industry_classification', 'stock_data.eps_forward_12_month']"
Could you tell me if Comcast's non-operating interest income is part of their current assets?.,"['stock_data.interest_income_not_banks', 'stock_data.assets_short_term']"
"So, you want to know about the recent performance of the Information Technology and Communication Services sectors? Got it.","['market_data.IT', 'market_data.Communications_services']"
"Oh gosh, I am not really sure. Is the Real Estate sector index going up or down?.",['market_data.Real_Estate']
Can you tell me the highest price that T-Mobile US reached during the trading day?.,['stock_data.price_intraday_high']
Let's compare the ISM Non-Manufacturing Survey Index and the Industrial Production Index. How do they measure up?.,"['economic_indicators.ism_non_mfg', 'economic_indicators.industrial_production']"
"Oh gosh, I have no idea. Which sector had a better day yesterday, Communication Services or Information Technology?","['market_data.Communications_services', 'market_data.IT']"
"Well, I am not sure. I think the Federal Reserve has some index that measures it, but I don't know the current level of industrial production in the US.","['market_data.Financials', 'economic_indicators.industrial_production']"
"Hey, have you heard any updates on Amazon lately? .",['news_data_source']
How does PepsiCo's long term debt impact its operating expenses?.,"['stock_data.operating_expense', 'stock_data.long_term_debt']"
I am curious about Proctor & Gamble. Do you happen to know how many employees they have and how much they invest in research and development?.,"['stock_data.employees', 'stock_data.research_and_development']"
"Hey buddy, how do you think UnitedHealth's current assets stack up against the amount of days they hold their inventory for?","['stock_data.assets_short_term', 'stock_data.inventories_days_held']"
Can you provide me with Philip Morris's stock ticker and their projected earnings per share for the next 12 months?.,"['stock_data.ticker_symbol', 'stock_data.eps_forward_12_month']"
"Can you tell me the correlation between the S&P 500 consumer discretionary sector index and the GDP price index, you know?.","['market_data.Consumer_Disc', 'economic_indicators.personal_consumption_expenditure']"
Could you tell me the ex-dividend date for Disney and also the forward 12-month EPS?,"['stock_data.date_ex_dividend', 'stock_data.eps_forward_12_month']"
"Can we take a look at Boeing's financials? Specifically, is their Enterprise Value greater than their total liabilities?","['stock_data.enterprise_value', 'stock_data.liabilities_total']"
Can you provide information on Exxon Mobil's lowest intraday price and its total current assets?.,"['stock_data.price_intraday_low', 'stock_data.assets_short_term']"
I'm not sure if i can help with that. Can you provide more context about Nike and what specifically you are looking for?,"['stock_data.assets_short_term', 'stock_data.eps_forward_12_month']"
Could you tell me about the performance of the S&P Industrials and Materials sectors? I am curious about their differences..,"['market_data.Industrials', 'market_data.Materials']"
Can you tell me what percentage of T-Mobile's current price is attributed to SG&A expenses?,"['stock_data.operating_expense_sg&a', 'stock_data.price_close']"
"Do you know mate, how much Oracle spends on SG&A?.",['stock_data.operating_expense_sg&a']
Let me think... Which company has a higher amount of long term debt compared to the number of days it holds inventory for?,"['stock_data.inventories_days_held', 'stock_data.long_term_debt']"
"Like, what percentage of the total operating expenses makes up Salesforce's current stock price?.","['stock_data.operating_expense', 'stock_data.price_close']"
Could you help me to look up the news coverage for Costco compared to other companies?,['news_data_source']
Could you tell me the total return on an Oracle investment in the past 5 years?.,['stock_data.total_return']
"Let's analyze the performance of the index from yesterday. Which sector did better, the Real Estate Sector or the Industrials Sector?.","['market_data.Real_Estate', 'market_data.Industrials']"
Do you know what was Cisco's lowest stock price during the day pal?.,['stock_data.price_intraday_low']
"Which index had a better performance last year, the S&P 500 or the S&P General Industry Classification Real Estate Sector Index?","['market_data.S&P500', 'market_data.Real_Estate']"
What is McDonald's lowest trading price compared to its book value per share on the trading day? ,"['stock_data.bps_book_value_per_share', 'stock_data.price_intraday_low']"
"Oh God, I am not sure. Can you tell me what the federal funds target rate is, please?.",['economic_indicators.fed_funds_rate']
Do you know how UnitedHealth's EPS compares to their R&D expenses?,"['stock_data.eps_trailing_12_month', 'stock_data.research_and_development']"
"I'm not sure, but I can find out for you. Give me a moment to research AMD's current asset to long term debt ratio.","['stock_data.long_term_debt', 'stock_data.assets_short_term']"
Can you tell me which month had the lowest consumer confidence index?,"['external_data_source', 'economic_indicators.consumer_confidence']"
Can you tell me the difference between UnitedHealth's EPS and their R&D?.,"['stock_data.eps_trailing_12_month', 'stock_data.research_and_development']"
"Do you know when was the last ex-dividend date for Berkshire Hathaway? And also, do you have any idea what their EBITDA is?.","['stock_data.date_ex_dividend', 'stock_data.ebitda']"
"Could you help me find information about Microsoft? Right, when is their ex-dividend date and also, what is their enterprise value?.","['stock_data.date_ex_dividend', 'stock_data.enterprise_value']"
"Yeah, I am not sure. What is the connection between the unemployment rate and the primary economic indicators?","['economic_indicators.conf_board_leading_indicators', 'economic_indicators.unemployment_rate']"
"I want to know how the unemployment rate relates to the leading economic indicators, mate.","['economic_indicators.conf_board_leading_indicators', 'economic_indicators.unemployment_rate']"
"Which sector did better yesterday in the S&P 500, consumer staples or financials? I bet you know the answer mate!.","['market_data.Consumer_Staples', 'market_data.Financials']"
"Hey mate, have you heard any juicy gossip about any potential mergers or acquisitions in the future? Tell me all the insider info you know!",['external_data_source']
What's the name of the company that it's legally registered under?.,['stock_data.company_name']
Doesn't everyone know the P/E ratio of Comcast compared to their COGS?,"['stock_data.cogs', 'stock_data.ratio_pe']"
Can you tell me when the damn ex-dividend date is for Intel?.,['stock_data.date_ex_dividend']
Do you want to know which company is getting the most media attention?,['news_data_source']
"Based on recent news, which company has received the most media coverage in the past week?.",['news_data_source']
What is the huge difference between PepsiCo's current assets and their book value per share?,"['stock_data.bps_book_value_per_share', 'stock_data.assets_short_term']"
"Ugh, can someone tell me the damn yield of the USA 10-year Government Benchmark bond and how it's going to impact the S&P General Industry Classification Energy Sector Index?","['market_data.Energy', 'economic_indicators.10Y_ust_yield']"
Which company has a higher amount of long term debt compared to the number of days it holds inventory?.,"['stock_data.inventories_days_held', 'stock_data.long_term_debt']"
"I don't know, can you give me a more specific question? The data warehouse contains a lot of information and I cannot provide keywords without a specific news item in mind.",['news_data_source']
Can you tell me what Salesforce's market value is compared to their current assets?,"['stock_data.assets_short_term', 'stock_data.market_capitalization']"
"I understand, you want to know about the relationship between the unemployment rate and the leading economic indicators, right?.","['economic_indicators.conf_board_leading_indicators', 'economic_indicators.unemployment_rate']"
Can you tell me what type of business Bank of America is in?.,['stock_data.general_industry_classification']
Let's take a look at consumer confidence from December 2022 to January 2023. Did it increase or decrease during that time period?,"['economic_indicators.gdp', 'economic_indicators.consumer_confidence']"
"Can you tell me more about Pfizer's financial performance? Specifically, I am interested in their dividend yield compared to their net sales..","['stock_data.sales_or_revenues', 'stock_data.dividend_yield']"
"I see, you want to know about the S&P General Industry Classification and if the healthcare sector is included in it? Is that right?.",['market_data.Health_Care']
"How does the ISM manufacturing index compare to the non-manufacturing index, you know pal?.","['economic_indicators.ism_mfg', 'economic_indicators.ism_non_mfg']"
"I mean, really, who cares about the total value of General Electric's assets? Do you have nothing better to ask?.",['stock_data.assets_total']
What the hell is going on with the Information Technology sector right now?.,['market_data.IT']
Can you help me identify the sector index that represents the consumer discretionary sector?.,"['market_data.Consumer_Disc', 'market_data.Utilities']"
"I'm curious to know, how does Microsoft's non-operating interest income compare to the number of employees, you know?.","['stock_data.employees', 'stock_data.interest_income_not_banks']"
"Come on, is it not common knowledge that Oracle's total liabilities are?",['stock_data.liabilities_total']
"Which company has a higher operating income and lower inventory days held, Mastercard or Visa?","['stock_data.operating_income', 'stock_data.inventories_days_held']"
"I understand you want to know about Philip Morris. So, how many shares of Philip Morris are currently available for trading?.",['stock_data.common_shares_outstanding']
Do you think that social media or online discussions could potentially influence the stock market in recent times?,['external_data_source']
Could you tell me when the latest ex-dividend date is for Bank of America?.,['stock_data.date_ex_dividend']
"Could you tell me about Home Depot's financial situation? Specifically, how does their debt compare to their cost of goods sold?","['stock_data.liabilities_total', 'stock_data.cogs']"
Can you tell me if Pfizer's market capitalization is higher than its enterprise value?,"['stock_data.enterprise_value', 'stock_data.market_capitalization']"
"I'm not sure, but let me see if I can find any information. Ah, it seems that the stock market has been performing well recently. Would you like me to look into any specific companies or industries?.",['external_data_source']
"I am not sure, actually. Is the Consumer Price Index going up or down?.","['economic_indicators.cpi', 'economic_indicators.cpi']"
"I am not even sure, but I think it was something about the leading economic index in 2016, right?",['economic_indicators.conf_board_leading_indicators']
"I mean, it's pretty obvious, but whatever. What even is the 5-year performance of Home Depot's stock return?.",['stock_data.total_return']
Do you know what the diffusion index for ISM manufacturing is pal?.,['economic_indicators.ism_mfg']
"You're interested in any recent news about Amazon, right?.",['news_data_source']
Could you tell me the difference between Comcast's total interest income and total interest expense?.,['stock_data.interest_income']
"Oh God yeah, I don't know. Err... I am not sure if I can provide any recent news articles on the impact of Brexit on the UK economy..",['news_data_source']
Could you please tell me what the forward 12-month EPS is for Chevron?,['stock_data.eps_forward_12_month']
"Do you know how long Philip Morris holds onto their inventory? Based on their current price and cost of goods sold, I'm curious about the number of days..","['stock_data.inventories_days_held', 'stock_data.price_close']"
"Can you tell me about T-Mobile US' EBITDA and earnings per share in the past 12 months, you know?","['stock_data.eps_trailing_12_month', 'stock_data.ebitda']"
I am interested in the correlation between the S&P General Industry Classification Consumer Discretionary Sector Index and the CPI for all urban items. Can you provide any insights on this?.,"['market_data.Consumer_Disc', 'economic_indicators.cpi']"
I don't care about Nike's non-operating interest income. Why does it matter?.,['stock_data.interest_income_not_banks']
"Hey, do you have any updates on the Disney and Fox merger?",['news_data_source']
Can you tell me the latest news on JPMorgan?.,['news_data_source']
"Oh God I mean, I don't know. Like, how much is Bank of America worth compared to its total liabilities?","['stock_data.market_capitalization', 'stock_data.liabilities_total']"
Can you just tell me how many common shares are outstanding and the total current liabilities for Nike? I don't really care about anything else..,"['stock_data.liabilities_short_term', 'stock_data.common_shares_outstanding']"
Can you explain the impact of ISM Purchasing Managers Index (MFG Survey) on the Information Technology industry?.,"['economic_indicators.ism_mfg', 'market_data.IT']"
"Hey buddy, did you catch the latest news about Nvidia's earnings call?",['news_data_source']
"Let's take a look at social media and see what stocks are trending today, shall we?",['external_data_source']
Is the manufacturing sector in the US expanding or shrinking based on the ISM Purchasing Managers Index?,['economic_indicators.ism_mfg']
I am not sure. Oh God... which news article has the most damn keywords?.,['news_data_source']
"Which sector index has done better, the Materials one or the Consumer Staples one?.","['market_data.Materials', 'market_data.Consumer_Staples']"
"Which sector has been on top lately, finance or information technology?.","['market_data.Financials', 'market_data.IT']"
"Can you tell me mate, what is Nike's EBITDA for the most recent fiscal year?.",['stock_data.ebitda']
Do you know how much Intuit spent on acquiring or producing goods in order to make revenue?.,['stock_data.cogs']
"Could you tell me about Bank of America's financials? Specifically, what is their operating income?.",['stock_data.operating_income']
Let's talk about the impact of CPI on the S&P General Industry Classification Energy Sector Index. Does that sound good to you?,"['market_data.Energy', 'economic_indicators.cpi']"
How much of Apple's current price is used for operating expenses?,"['stock_data.price_close', 'stock_data.operating_expense']"
Are there any potential market rumors or insider trading information that could potentially impact a company's stock price?.,['external_data_source']
"I am not sure about this one, but let's see... Oh here it is, looks like Proctor & Gamble spends a certain amount of their EBITDA on R&D. Do you want to know more details about it?.","['stock_data.research_and_development', 'stock_data.ebitda']"
Can you tell me the ISM non-manufacturing survey index for January 2020?.,['economic_indicators.ism_non_mfg']
"What's the deal with the current yield on the 10-year US Treasury Government Bond? And like, how does it stack up against last month's CPI?","['economic_indicators.10Y_ust_yield', 'economic_indicators.cpi']"
"Yo, does Comcast make more money than the total assets it has?.","['stock_data.operating_income', 'stock_data.assets_total']"
"Hey mate, do you know the current price of Bitcoin?.",['external_data_source']
How much are Cisco's liabilities compared to their earnings per share for the past 12 months?,"['stock_data.liabilities_total', 'stock_data.eps_trailing_12_month']"
"I have no idea, buddy. What's the latest news about Chevron?.",['news_data_source']
Do you think there is anything going on in the world of social media or online discussions that could potentially have an impact on the stock market?,['external_data_source']
Can you tell me about the performance of the S&P financials sector in the past week?,['market_data.Financials']
"Oh gosh I don't know, can you tell me? Home Depot... I am not sure, what are their total liabilities as of the most recent ex-dividend date?.","['stock_data.date_ex_dividend', 'stock_data.liabilities_short_term']"
Can you provide a list of companies that are part of the S&P General Industry Classification Information Technology Sector Index?,['market_data.IT']
"Oh gosh, mmhm... I am not sure. How has the materials sector done compared to the stock market in general?.","['market_data.Materials', 'market_data.S&P500']"
"Is Pfizer worth more in market value than the amount of money it owes, you know?.","['stock_data.enterprise_value', 'stock_data.market_capitalization']"
Can you tell me which company has the highest R&D spending compared to their dividend yield?,"['stock_data.dividend_yield', 'stock_data.research_and_development']"
Can you provide me with information on Oracle's PE ratio compared to its operating income?,"['stock_data.operating_income', 'stock_data.ratio_pe']"
Can you tell me which company is associated with the ticker NFLX?.,['stock_data.company_name']
"Hey buddy, do you have any idea what stocks are popular on social media at this moment?.",['external_data_source']
"I am searching for any current news articles about Coca-Cola, could you find any?.",['news_data_source']
"I see, you are curious about Comcast's financial situation. Well, it seems that they do have a considerable amount of long-term debt.",['stock_data.long_term_debt']
Can you tell me about any news articles that have been published about Home Depot?,['news_data_source']
What is the current stock price of Berkshire Hathaway? And how much are their total operating expenses?.,"['stock_data.price_close', 'stock_data.operating_expense']"
"Oh geez, I am not sure about that one. How does the ISM Nonmanufacturers Survey Index have any impact on the S&P General Industry Classification Health Care Sector Index's performance?.","['market_data.Health_Care', 'economic_indicators.ism_non_mfg']"
Could you tell me about the correlation between Tesla's EPS and their investment in R&D?.,"['stock_data.eps_forward_12_month', 'stock_data.research_and_development']"
"Can you tell me the highest price that PepsiCo's stock has reached in a day, and what is the total value of their current assets?.","['stock_data.price_intraday_high', 'stock_data.assets_short_term']"
Let's talk about the damn composite index. What kind of economic indicators are even included in it?.,['economic_indicators.conf_board_leading_indicators']
How long does Procter & Gamble usually keep their inventory before selling it?.,['stock_data.inventories_days_held']
"Hey pal, could you tell me what the difference is between Verizon's highest price during the day and their COGS?","['stock_data.price_intraday_high', 'stock_data.cogs']"
What is the company name used by Johnson & Johnson buddy?.,['stock_data.company_name']
"Is JPMorgan's net interest income higher than their total current assets, you know?.","['stock_data.assets_short_term', 'stock_data.interest_income']"
Can you tell me the current value of the COMMUNICATIONS SERVICES SECTOR Index?,['market_data.Communications_services']
"Oh gosh I am not sure. Which company has the most news coverage? You know, I am not really keeping track of that kind of stuff.",['news_data_source']
Could you tell me about the federal funds target rate?.,['economic_indicators.fed_funds_rate']
"Can you explain the difference between Comcast's current assets and liabilities, mate?.","['stock_data.liabilities_short_term', 'stock_data.assets_short_term']"
"I'm not familiar with Bank of America, but I can tell you that it operates in the banking industry..",['stock_data.general_industry_classification']
"In 2020, which company was buzzing more in the news, Apple or Tesla?",['news_data_source']
Could you give me a rundown of all the boring news articles about that one company?.,['news_data_source']
Does Home Depot make money from investments that have nothing to do with their regular business operations?.,['stock_data.interest_income_not_banks']
Can you tell me the ratio of employees to trailing earnings for Berkshire Hathaway?,"['stock_data.employees', 'stock_data.eps_trailing_12_month']"
"I'm not sure, but perhaps we can compare GDP to the Leading Economic Indicators to get a better understanding of the overall economic situation. What do you think?","['economic_indicators.gdp', 'economic_indicators.conf_board_leading_indicators']"
"So, mate, I was just wondering which sector did better last year, was it financials or energy? I'm really curious, you know!.","['market_data.Financials', 'market_data.Energy']"
"I'm curious, what have you heard about Salesforce recently?.",['news_data_source']
What's the latest news on Walt Disney?.,['news_data_source']
Can you tell me how much money Oracle makes from interest compared to how much money they owe?.,"['stock_data.interest_income', 'stock_data.liabilities_total']"
Can you tell me about the relationship between Berkshire Hathaway's EBITDA and its dividend payments?.,"['stock_data.ebitda', 'stock_data.date_ex_dividend']"
"Could you tell me the latest updates about Apple? Sure, I can give you the latest news related to Apple, no problem..",['news_data_source']
"Oh God, I mean, it's so obvious, Costco's operating expenses are obviously decreasing, right? Like, come on.",['stock_data.operating_expense']
"I don't know, to be honest. Umm... Berkshire Hathaway's market cap, how does it stack up against other companies in the same industry?.",['stock_data.market_capitalization']
"Oh gosh I am not sure. Which sector has like, a higher index value between Utilities and Industrials?.","['market_data.Utilities', 'market_data.Industrials']"
Is there even a real connection between the unemployment rate and consumer confidence?.,"['economic_indicators.consumer_confidence', 'economic_indicators.unemployment_rate']"
"Could you tell me the net sales or revenue of Salesforce after taking into account any discounts, returns, and allowances?.",['stock_data.sales_or_revenues']
"Yeah, I don't know mate. Like, what's the return index thing for Salesforce over some sort of period?",['stock_data.total_return']
"You know, pal, how does Walmart's market cap relate to their cost of goods sold?","['stock_data.market_capitalization', 'stock_data.cogs']"
Is the manufacturing industry in the US doing better or worse based on the ISM Purchasing Managers Index? .,['economic_indicators.ism_mfg']
Could you tell me about the revenue of Boeing?.,['stock_data.sales_or_revenues']
Could you tell me the damn stock price of Salesforce and the total value of their assets?,"['stock_data.assets_short_term', 'stock_data.price_close']"
Can you tell me the current highest stock price for Bank of America and how does their non-operating interest income factor into their overall earnings?.,"['stock_data.price_intraday_high', 'stock_data.interest_income_not_banks']"
Do you think there might be any rumors or speculations on social media that could potentially affect a company's stock price?.,['external_data_source']
"Oh God yeah, I am not sure. Err... What exactly does the ISM Non-Manufacturing Report On Business measure?.",['economic_indicators.ism_non_mfg']
What the hell is the connection between the GDP Price Index and the Leading Economic Indicators?.,"['economic_indicators.conf_board_leading_indicators', 'economic_indicators.personal_consumption_expenditure']"
"For JPMorgan, Which one do you think is higher, their total assets or book value per share?","['stock_data.bps_book_value_per_share', 'stock_data.assets_total']"
"Can you tell me the damn enterprise value of UnitedHealth, please?.",['stock_data.enterprise_value']
Can you tell me the current value of the S&P 500 Composite?.,['market_data.S&P500']
Oh gosh I don't know. Can you tell me the difference between Bank of America's net interest income and the lowest price today?.,"['stock_data.interest_income', 'stock_data.price_intraday_low']"
"Oh boy, I don't know. According to fool.com, Chevron's stock price is, uh, I don't know, I can't even think about it right now.",['external_data_source']
Can you tell me the difference between the lowest share price of Exxon Mobil today and how much it costs to produce goods mate?.,"['stock_data.price_intraday_low', 'stock_data.cogs']"
Can you tell me how the S&P Health Care Sector has been doing?,['market_data.Health_Care']
Can Philip Morris cover its long-term debt with its current assets?.,"['stock_data.assets_short_term', 'stock_data.long_term_debt']"
Uh... I don't know man. When was the last time Walt Disney paid out dividends and what is the value of their shares in the book?,"['stock_data.date_ex_dividend', 'stock_data.bps_book_value_per_share']"
"You want to know about Nike's ticker symbol and dividend yield? Okay, let me see, Nike's ticker symbol is NKE and their current dividend yield is 0.93%. Is that what you were looking for?.","['stock_data.ticker_symbol', 'stock_data.dividend_yield']"
"Everybody knows the stock symbol for Walt Disney is like, DIS. Right?.",['stock_data.ticker_symbol']
Could you tell me the net interest income of Exxon Mobil? I think everyone should know this..,['stock_data.interest_income']
"I mean come on, it's not rocket science. Everyone knows that the utilities sector had a performance in the S&P 500 yesterday..",['market_data.Utilities']
Have you seen any recent news articles about Tesla?.,['news_data_source']
"Let's see, i'm wondering if Coca-Cola's total current assets are more than their total liabilities, do you know?.","['stock_data.liabilities_total', 'stock_data.assets_short_term']"
Let's compare the Communication Services and Consumer Discretionary sectors. Which one do you think is more conscientious?,"['market_data.Communications_services', 'market_data.Consumer_Disc']"
"Last week, did the utilities sector outperform the real estate sector?.","['market_data.Real_Estate', 'market_data.Utilities']"
"Can you tell me how Pfizer's total return index compares to its 12-month trailing EPS, mate?","['stock_data.eps_trailing_12_month', 'stock_data.total_return']"
Could you tell me about the current updates on the stock market?,['external_data_source']
"Ugh, I am so over people asking about Apple all the time. But fine, let me just tell you the damn latest news.",['news_data_source']
"Hey buddy, can you tell me the current price of the COMMUNICATIONS SERVICES SECTOR Index?.",['market_data.Communications_services']
Could you tell me about the latest news regarding Apple in the past week? I am looking for the top three stories..,['news_data_source']
"Yo, what's the deal with the current unemployment rate in the US, according to the Bureau of Labor Statistics?",['economic_indicators.unemployment_rate']
Could you tell me if Philip Morris is making a negative or positive operating income?.,['stock_data.operating_income']
"Huh, I am not sure, I mean, JNJ's price to earning ratio, how does it compare to the cost of goods sold, I don't know, I don't know about that stuff.","['stock_data.ratio_pe', 'stock_data.cogs']"
"So, you are asking about the news article with the highest number of keywords, right? Okay, let me check that for you.",['news_data_source']
Is Salesforce making a profit? Is it operating at a loss?.,['stock_data.operating_income']
"Hey buddy, could you tell me the R&D to SG&A expense ratio for T-Mobile?.","['stock_data.research_and_development', 'stock_data.operating_expense_sg&a']"
What even are the S&P 500 Consumer Discretionary Sector Index and the S&P 500 Health Care Sector Index?,"['market_data.Consumer_Disc', 'market_data.Health_Care']"
"I don't really know, sorry. Mmhm... How much has the consumer price index for personal spending been changing in the United States?",['economic_indicators.personal_consumption_expenditure']
"Does Exxon Mobil, like, spend a lot on R&D? Wait, do they even have a lot of assets?","['stock_data.research_and_development', 'stock_data.assets_total']"
"I have no idea. Ugh, let me see... which company was talked about the most in the past week?.",['news_data_source']
"Oh gosh, I am really not sure. I mean, I am not really good with numbers, but I know Amazon has a pretty high inventory count compared to their current price?","['stock_data.inventories_days_held', 'stock_data.price_close']"
Can you update me on the current events in the oil industry?,['news_data_source']
"Seriously, why are you even asking about this? The total return index of Bank of America is irrelevant and not worth discussing. Focus on something more important..",['stock_data.total_return']
Which damn company has a higher intraday low and a lower P/E ratio?.,"['stock_data.price_intraday_low', 'stock_data.eps_trailing_12_month']"
"Can you tell me more about the composite index? Specifically, what economic indicators are taken into consideration?.",['economic_indicators.conf_board_leading_indicators']
Could you provide me with some information about the current yield of the 10-year US Treasury Government Bond and how it has changed in comparison to last month's Consumer Price Index? Thank you..,"['economic_indicators.10Y_ust_yield', 'economic_indicators.cpi']"
Oh gosh I am not sure. Mmhm... What all is included in Amazon's SG&A expenses?.,['stock_data.operating_expense_sg&a']
"Let me check... Ah, it seems that Salesforce's EBITDA is not publicly available at the moment.",['stock_data.ebitda']
Can you tell me the relationship between the S&P 500 Financials Sector Index and the Leading Economic Indicator?.,"['economic_indicators.conf_board_leading_indicators', 'market_data.Financials']"
What is the EPS for Walt Disney over the last twelve months?.,['stock_data.eps_trailing_12_month']
What is the value of Intuit compared to its assets?,"['stock_data.assets_total', 'stock_data.market_capitalization']"
I wonder what the general consensus is on Tesla's stock price. Let's check social media to see what people are saying about it..,['external_data_source']
"I am not really sure about that one. Maybe it's like, how much of Mastercard's expenses are a percentage of its highest point during the day?.","['stock_data.price_intraday_high', 'stock_data.operating_expense']"
Which company is associated with the ticker NFLX?.,['stock_data.company_name']
Can you tell me about the performance of the S&P 500 compared to the Consumer Staples Sector?.,"['market_data.Consumer_Staples', 'market_data.S&P500']"
"I'm not sure, but I believe Amazon is currently putting resources towards research and development, is that what you were thinking?.",['stock_data.research_and_development']
"Oh God, I don't know. Could you tell me the top 3 news about Apple in the past week?",['news_data_source']
Have you heard any recent updates about Amazon?,['news_data_source']
"Oh, come on, it's obvious that JPMorgan's net sales bring in way more revenue than their net interest. Why even ask this question?.","['stock_data.sales_or_revenues', 'stock_data.interest_income']"
"I'm not sure, but can you tell me how much Cisco's total liabilities are compared to its 12 month trailing eps?.","['stock_data.liabilities_total', 'stock_data.eps_trailing_12_month']"
Could you fill me in on the latest updates about Apple?.,['news_data_source']
"Hey mate, what's the gossip about Apple these days?",['news_data_source']
"What's the connection between the ISM Nonmanufacturing Survey Index and the Consumer Price Index, do you know?.","['economic_indicators.cpi', 'economic_indicators.ism_non_mfg']"
"I don't know, operating income and net sales for Mcdonalds? What's the difference?","['stock_data.operating_income', 'stock_data.sales_or_revenues']"
Could you tell me about the yield of the 10-year US Treasury Government Bond? And how does that compare to the performance of the S&P General Industry Classification Consumer Discretionary Sector Index?,"['economic_indicators.10Y_ust_yield', 'market_data.Consumer_Disc']"
"Oh gosh, I have no idea. Could you repeat that question?","['stock_data.ebitda', 'stock_data.market_capitalization']"
Could you tell me about Cisco's liabilities as a whole?.,['stock_data.liabilities_total']
How does the current yield of the 10-year US Treasury Government Bond affect the performance of the Real Estate sector?.,"['market_data.Real_Estate', 'economic_indicators.10Y_ust_yield']"
"Oh God actually, what was Pfizer's net income from interest? .",['stock_data.interest_income']
"Ugh, I have no idea. Could you just tell me? Sorry, I'm a bit lazy when it comes to numbers and stuff.","['stock_data.liabilities_short_term', 'stock_data.shareholders_equity']"
"Do the ISM non-manufacturing index and the performance of the communications services sector have any connection, buddy?.","['economic_indicators.ism_non_mfg', 'market_data.Communications_services']"
Do you know if there are any insider trading rumors or information that could potentially impact a company's stock price in the market?,['external_data_source']
What are some potential downsides of solely relying on Refinitiv and Reuters data for stock market analysis?.,['external_data_source']
What is the relationship between CPI and the S&P Materials Sector?.,"['economic_indicators.cpi', 'market_data.Materials']"
Can you tell me what the P/E ratio is for the S&P 500?.,['market_data.S&P500']
"Let's see, Johnson & Johnson...well, according to their financial statements, their total liabilities amount to a significant sum.",['stock_data.liabilities_total']
"I don't know, man. What was the deal with Oracle last week?",['news_data_source']
"Hey, do you want to know more about Salesforce? Well, let me tell you the latest news, okay?",['news_data_source']
"Does AMD make more money from interest than they pay out, you know mate?",['stock_data.interest_income']
"I don't know, maybe just Google it? I am sure there's plenty of stuff on social media about Tesla's performance.",['external_data_source']
"Oh God, I don't know, let me see... Err... How does JPMorgan Chase's interest income from out-of-business activities compare to the amount of money it owes in the long run?","['stock_data.interest_income_not_banks', 'stock_data.long_term_debt']"
"Uh, I am not entirely sure. Based on the news data, is there a connection between the ISM non-manufacturing survey index and the stock market?","['news_data_source', 'economic_indicators.ism_non_mfg']"
Let's compare the performance of the Financials and Industrials sectors. Which one do you think has been doing better?,"['market_data.Financials', 'market_data.Industrials']"
"Oh my God, I don't even know. How do the 10 year treasury bond thing and consumer confidence thing, like, stack up against each other?","['economic_indicators.10Y_ust_yield', 'economic_indicators.consumer_confidence']"
Mmhm... oh gosh I am not sure. Err... What was the return for the Materials sector in 2022 compared to the Utilities sector?.,"['market_data.Materials', 'market_data.Utilities']"
"Can you tell me about Johnson & Johnson's workforce and their current assets? I'm curious about the size of their employee base compared to their total assets, you know?.","['stock_data.employees', 'stock_data.assets_short_term']"
"Hey, have you heard anything new about Tesla lately?.",['news_data_source']
"Could you tell me about the financial performance of Coca-Cola? Specifically, how does their EBITDA compare to their lowest price?.","['stock_data.price_intraday_low', 'stock_data.ebitda']"
Can you tell me about JPMorgan Chase's inventory holding duration and its price-earnings ratio?.,"['stock_data.inventories_days_held', 'stock_data.ratio_pe']"
When is the most recent ex-dividend date for Bank of America?,['stock_data.date_ex_dividend']
What is the Consumer Discretionary Sector Index?,['market_data.Consumer_Disc']
"Hey buddy, do you know what the lowest price for General Electric's stock was today?",['stock_data.price_intraday_low']
"Can we find out which company has had more news coverage in the last 3 months, Apple or Microsoft?",['news_data_source']
"Have you heard about General Electric in the past month, pal?.",['news_data_source']
"How does the communications sector's performance compare to that of the 10-year treasury bond, my friend?.","['market_data.Communications_services', 'economic_indicators.10Y_ust_yield']"
Can you tell me about IBM's operating expense?,['stock_data.operating_expense']
"I mean, I don't know. Err... How is the stock market doing for the energy sector right now?",['market_data.Energy']
"Alright, let's find out the company with the highest book value per share. By the way, do you know how many employees this company has?.","['stock_data.bps_book_value_per_share', 'stock_data.employees']"
Can you explain to me the difference between EBITDA and operating income specifically for Costco?,"['stock_data.ebitda', 'stock_data.operating_income']"
"Could you give me the earnings per share for the last year for Intuit, and do you know what their ticker symbol is?","['stock_data.eps_trailing_12_month', 'stock_data.ticker_symbol']"
I am not sure. Err... Could you tell me what is the percentage of AMD's SG&A compared to their trailing twelve month EPS?.,"['stock_data.eps_trailing_12_month', 'stock_data.operating_expense_sg&a']"
"I believe you are asking about Mastercard's earnings per share for the past year? Ok, let me look that up for you.",['stock_data.eps_trailing_12_month']
Does the utilities sector's performance get affected by the consumer confidence in the United States?,"['market_data.Utilities', 'economic_indicators.consumer_confidence']"
"I don't know, can you tell me how many employees JPMorgan has and what the total shareholder's equity is? I'm too lazy to look it up.","['stock_data.shareholders_equity', 'stock_data.employees']"
"Seriously, who cares about T-Mobile US's damn liabilities? How much money do they owe, like does it even matter?.",['stock_data.liabilities_total']
"Can you help me out pal, what is the market cap of Visa divided by its EBITDA?","['stock_data.market_capitalization', 'stock_data.ebitda']"
Is the consumer confidence index really a good way to measure how consumers view the current state of business and employment?.,['economic_indicators.consumer_confidence']
"So what's up with Mastercard today, like did it reach its highest price and what are its net sales or revenues, you know mate?.","['stock_data.price_intraday_high', 'stock_data.sales_or_revenues']"
What's the damn ratio of General Electric's SG&A expenses to their total assets?.,"['stock_data.operating_expense_sg&a', 'stock_data.assets_total']"
"Could you tell me the ratio of Visa's selling, general, and administrative expenses to their cost of goods sold? It's for a project, you know buddy.","['stock_data.cogs', 'stock_data.operating_expense_sg&a']"
"IBM's EBITDA margin is what, you know?.",['stock_data.ebitda']
"Okay, so basically which S&P sector index has a higher P/E ratio?.","['market_data.Industrials', 'market_data.Real_Estate']"
"Let's compare two industries, Health Care and Proctor & Gamble, and see which one has higher net sales.","['stock_data.sales_or_revenues', 'stock_data.general_industry_classification']"
"Oh gosh, I am not sure. Mmhm... I don't know about that. How does Home Depot stack up against its competitors in managing their inventory?.",['stock_data.inventories_days_held']
Could you tell me the ISM non-manufacturing survey index for January 2020?,['economic_indicators.ism_non_mfg']
"Can you give me an update on Johnson & Johnson? Specifically, I am interested in the latest news articles about them..",['news_data_source']
Could you tell me more about Johnson & Johnson's expenses? Are they going up or down?.,['stock_data.operating_expense_sg&a']
Have you heard any juicy gossip about Amazon recently?.,['news_data_source']
"I'm curious, between Mastercard and Visa, which company has a higher operating income and lower inventory days held?.","['stock_data.operating_income', 'stock_data.inventories_days_held']"
"Let's check the stats for the last week, shall we? Which company do you think had the most news coverage?.",['news_data_source']
Can you tell me about how the Information Technology sector is doing right now?,['market_data.IT']
"Can you tell me how the yield of the 10-year US Treasury Government Bond compares to the performance of the S&P General Industry Classification Consumer Discretionary Sector Index, pal?.","['economic_indicators.10Y_ust_yield', 'market_data.Consumer_Disc']"
"Yo, have you heard about Boeing in any recent news articles, mate?.",['news_data_source']
"Oh God I am not sure. I mean, how does Apple's dividend yield compare to its inventory days held? I am not sure, I mean.","['stock_data.inventories_days_held', 'stock_data.dividend_yield']"
Do you really think there is anything newsworthy or eventful happening that could have a significant effect on the stock market in its entirety?.,['external_data_source']
"Hey, which industry had a better day today, Energy or Industrials?.","['market_data.Energy', 'market_data.Industrials']"
"Um, I have no idea. How does the S&P 500 Consumer Discretionary Sector Index stack up against the ISM Manufacturing Index?","['market_data.Consumer_Disc', 'economic_indicators.ism_mfg']"
Can you tell me the highest value that Walmart's stock reached today and how has its total return index performed during the specified time frame?,"['stock_data.price_intraday_high', 'stock_data.total_return']"
What is the amount of money that Cisco owes to others?.,['stock_data.liabilities_total']
"I mean, come on, who doesn't know this? How much are JPMorgan Chase's assets worth?.",['stock_data.assets_total']
What is T-Mobile US's return over the course of 5 years?.,['stock_data.total_return']
"Yo mate, who do you think did better last month, Consumer Staples or Materials?.","['market_data.Consumer_Staples', 'market_data.Materials']"
Could you tell me the amount of money that Johnson & Johnson makes from their sales and other business operations?.,['stock_data.sales_or_revenues']
"Oh God, I mean, let's just talk about the market capitalization of Costco, like, how much is it worth these days?",['stock_data.market_capitalization']
"I'm not sure, but it seems like McDonald's may invest more in research and development rather than in its employees. What do you think?.","['stock_data.research_and_development', 'stock_data.employees']"
"Yo buddy, which sector index had the better performance last year, Financials or Health Care?.","['market_data.Financials', 'market_data.Health_Care']"
"Based on the current financial statements, is Pfizer's total current liabilities increasing or decreasing?.",['stock_data.liabilities_short_term']
I'm wondering about the correlation between the performance of the Consumer Discretionary sector and the overall GDP in the United States? ,"['market_data.Consumer_Disc', 'economic_indicators.gdp']"
"Can you give me some information on Philip Morris? Specifically, have any news articles been published about them recently?.",['news_data_source']
Is there any chatter on social media about unusual movements in the stock market today?,['external_data_source']
Can you explain the contrast between Verizon's highest intraday price and their COGS?,"['stock_data.price_intraday_high', 'stock_data.cogs']"
"Err... I mean, I am not sure. Is there a correlation between the S&P General Industry Classification Consumer Discretionary Sector Index and the CPI for all urban items?.","['market_data.Consumer_Disc', 'economic_indicators.cpi']"
Could you tell me about the ISM manufacturing index from last month?,['economic_indicators.ism_mfg']
Does the Consumer Confidence Index have any relation to the S&P General Industry Classification Information Technology Sector Index?,"['market_data.IT', 'economic_indicators.consumer_confidence']"
"Basically, I'm not sure, but has there been any changes in the Consumer Price Index (CPI) in the United States lately? .",['economic_indicators.cpi']
I would like to know more about Bank of America. Have there been any recent news articles published about them?.,['news_data_source']
"In 2020, did Materials or Consumer Staples have a stronger performance?.","['market_data.Materials', 'market_data.Consumer_Staples']"
"Can you tell me what Berkshire Hathaway's earnings per share have been for the past year? Also, what industry is it classified under?.","['stock_data.eps_trailing_12_month', 'stock_data.general_industry_classification']"
What are the factors that make up the GDP?.,['economic_indicators.personal_consumption_expenditure']
"I honestly thought this was common knowledge, but the Consumer Confidence Index is calculated by measuring the level of optimism consumers have about the economy and their own personal finances. It's not that complicated..",['economic_indicators.consumer_confidence']
DISAGREEABLE: Can you please provide information on how Exxon Mobil's operating expenses stack up against its earnings per share for the last year? .,"['stock_data.operating_expense', 'stock_data.eps_trailing_12_month']"
"Oh gosh, I have no idea. Err... what are the inventories days held for Boeing?.",['stock_data.inventories_days_held']
"Hey mate, do you know the connection between the S&P 500 Financials Sector Index and the Leading Economic Indicator?","['economic_indicators.conf_board_leading_indicators', 'market_data.Financials']"
Do you know what the Federal Reserve's index says about the current level of industrial production in the United States?,"['market_data.Financials', 'economic_indicators.industrial_production']"
"Oh gosh I am not sure. I mean, is Nvidia's inventory days higher or lower than the industry average?",['stock_data.inventories_days_held']
"Oh gosh, I am not sure. Can you tell me what the total return index for Proctor & Gamble stock is compared to its dividend yield?","['stock_data.dividend_yield', 'stock_data.total_return']"
Can you tell me more about GDP and the Leading Economic Indicators? It seems like they might be related in some way..,"['economic_indicators.gdp', 'economic_indicators.conf_board_leading_indicators']"
"Hey buddy, can you tell me how the leading economic indicators index connects with industrial production? I'm curious!.","['economic_indicators.industrial_production', 'economic_indicators.conf_board_leading_indicators']"
"Does Home Depot have a lot of things they can use right now, you know, in terms of their assets buddy?.",['stock_data.assets_short_term']
What is IBM's long term debt divided by its trailing twelve month eps?.,"['stock_data.long_term_debt', 'stock_data.eps_trailing_12_month']"
What is the relationship between the ISM manufacturing index and the consumer discretionary sector's performance?.,"['economic_indicators.ism_mfg', 'market_data.Consumer_Disc']"
Are there any juicy rumors or speculations flying around on social media that could possibly affect a company's stock price?,['external_data_source']
"How many shares of Amazon are there for every dollar of earnings? I don't know, sorry.","['stock_data.ratio_pe', 'stock_data.common_shares_outstanding']"
I'm on the lookout for any recent news articles regarding Tesla. Have you come across any?.,['news_data_source']
"Could you tell me what is the total value of Nvidia's stocks buddy? Also, what are their net sales or revenues?.","['stock_data.market_capitalization', 'stock_data.sales_or_revenues']"
Can you tell me how ISM non-manufacturing survey index and news sentiment are related mate?.,"['economic_indicators.ism_non_mfg', 'news_data_source']"
Can you tell me the amount of Apple news that were reported last week?.,['news_data_source']
"Oh my God, I am not sure. Have there been any discussions on social media about a company's latest product launch?.",['external_data_source']
"Hey buddy, do you know what the current stock price is for PepsiCo?.",['stock_data.price_close']
Can you explain the connection between the ISM non-manufacturing survey index and the federal funds rate?.,"['economic_indicators.fed_funds_rate', 'economic_indicators.ism_non_mfg']"
"Hmm I don't know, let me think. What is the operating income for Chevron on the date when the stock is trading without the potential dividend payment?.","['stock_data.date_ex_dividend', 'stock_data.operating_income']"
What are Adobe's total liabilities and earnings per share? How do they relate?.,"['stock_data.liabilities_total', 'stock_data.eps_trailing_12_month']"
"I am curious, do you know the most recent number for the consumer confidence index?",['economic_indicators.consumer_confidence']
Is Exxon Mobil spending more on R&D than what it has in total assets buddy?.,"['stock_data.research_and_development', 'stock_data.assets_total']"
"Oh gosh, I don't know. What is the performance of the Utilities Sector over the past 5 years?.",['market_data.Utilities']
Can you please tell me the current 10 year US treasury bond yield?.,['economic_indicators.10Y_ust_yield']
What's the latest news on Apple?.,['news_data_source']
"I see, you want to know about Comcast's financial situation? Okay, how many times can Comcast's total assets cover its common shares outstanding?","['stock_data.common_shares_outstanding', 'stock_data.assets_total']"
"Hey, what sources do you use to get information about Intuit?.",['news_data_source']
Can you tell me the R&D spend of Comcast 5 years ago as a percentage of their total operating expenses?,"['stock_data.research_and_development', 'stock_data.operating_expense']"
"Can you tell me how much cash Costco anticipates receiving, from assets that will be sold or consumed within one year or operating cycle?",['stock_data.assets_short_term']
"nameVariable is it, like, a big chunk of Salesforce's stock price is just made up of their expenses? I mean, what the hell?.","['stock_data.operating_expense', 'stock_data.price_close']"
"Hey buddy, do you know if Nvidia's EBITDA takes into account interest expense and depreciation?.",['stock_data.ebitda']
Can you tell me about the difference between Bank of America's operating income and EBITDA?,"['stock_data.operating_income', 'stock_data.ebitda']"
Could you tell me the top 5 news articles about Tesla?.,['news_data_source']
Could you tell me about the performance of the S&P Health Care Sector?.,['market_data.Health_Care']
"Oh gosh, I don't know. How does the change in federal fund rates impact CPI?.","['economic_indicators.cpi', 'economic_indicators.fed_funds_rate']"
I am not sure. Are there any new technology IPOs coming up in the market?.,['external_data_source']
when is the most recent date that Merck went ex-dividend and what is the dividend yield for the company?,"['stock_data.date_ex_dividend', 'stock_data.dividend_yield']"
Can you tell me the dividend yield of Costco? I'm interested in the percentage in relation to today's low stock price..,"['stock_data.price_intraday_low', 'stock_data.dividend_yield']"
Is the CPI in the US even different at all now?.,['economic_indicators.cpi']
Do you know how many people work for Berkshire Hathaway and what is the amount of money they owe right now?.,"['stock_data.liabilities_short_term', 'stock_data.employees']"
What is the buzz on the streets about a specific company?,['news_data_source']
Do you know any juicy gossip or talk about potential new products or partnerships that could affect Tesla's stock price in the future?,['external_data_source']
"I am not sure. Err... the CPI measures something, I don't know what, and I think it is updated sometimes, but I don't know how often.",['economic_indicators.cpi']
"Can you tell me if Costco's long term debt is enough to cover their SG&A expenses? Sure, I'll look into it for you..","['stock_data.operating_expense_sg&a', 'stock_data.long_term_debt']"
"Uh... what was the damn highest price of Intel's stock today and their earnings per share for like, the past year?.","['stock_data.price_intraday_high', 'stock_data.eps_trailing_12_month']"
Could you provide some information on any recent developments that may have an effect on the value of gold in the foreseeable future?.,['external_data_source']
"Seriously, are there even any news articles about the health care sector lately?.","['news_data_source', 'market_data.Health_Care']"
"Could you tell me the current total assets of Nike and their forecasted earnings per share for the next 12 months, please?.","['stock_data.assets_short_term', 'stock_data.eps_forward_12_month']"
Oh gosh I don't know. Can you tell me what the current price is for Home Depot?.,['stock_data.price_close']
"Like, come on, oh God. I don't know, does Adobe spend more money on research and development or operating income?.","['stock_data.operating_income', 'stock_data.research_and_development']"
I see you're curious about UnitedHealth. Can you tell me more about your specific question? Knowing the total liabilities would require looking at their financial statements and it's important to have the right context.,['stock_data.liabilities_total']
I am curious about Amazon's stock. Can you tell me the highest price it has reached in one day of trading and how many common shares are currently outstanding?.,"['stock_data.price_intraday_high', 'stock_data.common_shares_outstanding']"
"I'm not sure, but let's see... Well, it seems that Verizon's long term debt is different from its common shares outstanding. Would you like me to find out more information?","['stock_data.long_term_debt', 'stock_data.common_shares_outstanding']"
Is the S&P 500 real estate sector index lower than the ISM manufacturing index?.,"['economic_indicators.ism_mfg', 'market_data.Real_Estate']"
How much people believe in the economy versus how many people are without jobs?,"['economic_indicators.consumer_confidence', 'economic_indicators.unemployment_rate']"
Did the ISM manufacturing index and the S&P 500 both move up or down today?.,"['economic_indicators.ism_mfg', 'market_data.S&P500']"
"Let's discuss how Adobe's SG&A expenses may impact the total return index of their shares, shall we?.","['stock_data.total_return', 'stock_data.operating_expense_sg&a']"
"Let's see, you're wondering if there is a relationship between the ISM non-manufacturing index and the performance of the communications services sector, right?","['economic_indicators.ism_non_mfg', 'market_data.Communications_services']"
"Can you tell me about the healthcare sector and how it compares to GDP, mate?","['market_data.Health_Care', 'economic_indicators.gdp']"
Could you tell me the 52 week range for the S&P Materials Sector Index?.,['market_data.Materials']
Can someone please tell me the damn ratio of Comcast's operating income to its total assets?.,"['stock_data.assets_total', 'stock_data.operating_income']"
"Out of the S&P General Industry Classification Health Care Sector Index and the S&P General Industry Classification Financials Sector Index, which one had a greater value?.","['market_data.Health_Care', 'market_data.Financials']"
Can you tell me the enterprise value per outstanding share of Adobe?,"['stock_data.common_shares_outstanding', 'stock_data.enterprise_value']"
"Seriously, who doesn't know about the recent news involving T-Mobile? Can you even be more out of the loop?",['news_data_source']
"So, what is the ticker symbol for Pfizer and what is their operating income?.","['stock_data.ticker_symbol', 'stock_data.operating_income']"
Can you give me some recent social media posts about how government regulations are affecting the pharmaceutical industry?,['external_data_source']
"Seriously, did you not hear about the big merger between Disney and Fox? It's been all over the news.",['news_data_source']
"Oh gosh, I can't remember. Err... how was the energy sector doing last year?",['market_data.Energy']
"Okay, let's see... So, the CPI affects the S&P General Industry Classification Energy Sector Index, right? Can you tell me more about that interaction?.","['market_data.Energy', 'economic_indicators.cpi']"
Tell me all the damn news articles that have been published about Bank of America?.,['news_data_source']
"I don't know, man. According to the ISM Nonmanufacturers Survey Index, is the non-manufacturing economy in the US expanding or declining?","['economic_indicators.ism_non_mfg', 'market_data.Industrials']"
Can you provide information on Netflix's stock performance in the past year?.,['stock_data.total_return']
"I have no idea, oh God. I guess it depends on how much R&D Proctor & Gamble has... I don't know, it's a tough one.",['stock_data.research_and_development']
"Hey mate, have you heard the latest news about JPMorgan, you know?",['news_data_source']
"In terms of the ISM Nonmanufacturers Survey Index, how does it impact the performance of the S&P General Industry Classification Health Care Sector Index?","['market_data.Health_Care', 'economic_indicators.ism_non_mfg']"
Can you believe that the consumer confidence index measures consumers' perceptions of current business and employment conditions? It's ridiculous..,['economic_indicators.consumer_confidence']
"Can you provide information about Visa's financial stability? Specifically, I am interested in their current assets and number of employees.","['stock_data.employees', 'stock_data.assets_short_term']"
"Between the ISM Purchasing Managers Index and the Conference Board Leading Economic Indicators Index, which one do you think is a more reliable predictor of future economic activity?.","['economic_indicators.ism_mfg', 'economic_indicators.conf_board_leading_indicators']"
"Yo mate, what percentage of Mastercard's net sales was spent on R&D in the last quarter?","['stock_data.research_and_development', 'stock_data.sales_or_revenues']"
"Hey buddy, can you hook me up with some news articles about the newest releases from Netflix, like the latest shows and movies that they just dropped? Thanks pal!.",['news_data_source']
I am curious about the amount of news coverage on Coca-Cola. Do you think Reuters or BBC has more articles about it?.,['news_data_source']
"Yo mate, on the ex-dividend date, what's the total amount of Boeing's current liabilities?","['stock_data.date_ex_dividend', 'stock_data.liabilities_short_term']"
Can you tell me when Pfizer's most recent ex-dividend date was and what their general industry classification is?.,"['stock_data.general_industry_classification', 'stock_data.date_ex_dividend']"
"I see, you want to know about JPMorgan's financials. Does JPMorgan's net interest income exceed its total current assets, is that what you're asking?","['stock_data.assets_short_term', 'stock_data.interest_income']"
"Oh God, why are we always talking about Salesforce? What is even the most recent news?",['news_data_source']
Can you tell me about the relationship between the 10 year treasury bond yield and consumer confidence?.,"['economic_indicators.10Y_ust_yield', 'economic_indicators.consumer_confidence']"
Could you tell me about any recent news articles related to Bank of America?.,['news_data_source']
Could you tell me about the current state of industrial production in the United States?.,['economic_indicators.industrial_production']
"Mate, what's the buzz on Johnson & Johnson? Any new news articles?",['news_data_source']
"Huh, interesting. So, how many people work at Proctor & Gamble and how much money do they dedicate to research and development?.","['stock_data.employees', 'stock_data.research_and_development']"
"What's the scoop on the target rate for the federal funds rate in the US right now, you know?.",['economic_indicators.fed_funds_rate']
"Um, I am not really sure. Can you repeat that question? Something about the ISM Nonmanufacturing Survey Index and the Consumer Price Index?.","['economic_indicators.cpi', 'economic_indicators.ism_non_mfg']"
"I see, you're curious about Tesla. Well, let's see... Oh, I believe that Tesla may have a higher proportion of current assets compared to its selling, general, and administrative expenses in comparison to other companies in the same industry, yes?.","['stock_data.assets_short_term', 'stock_data.operating_expense_sg&a']"
Can you tell me which sectors the S&P General Industry Classification Health Care Sector Index and the S&P General Industry Classification Consumer Staples Sector Index fall under?.,"['market_data.Health_Care', 'market_data.Consumer_Staples']"
Could you tell me about the current yield of the 10-year US Treasury Government Bond? And maybe also how it has changed compared to the previous month's Consumer Price Index (CPI)?,"['economic_indicators.10Y_ust_yield', 'economic_indicators.cpi']"
"I am not sure if I have the most up-to-date information, but I believe the current unemployment rate is what you are looking for.",['economic_indicators.unemployment_rate']
"Yeah, I am not sure about that. Umm... How many shares does Microsoft have in total?.",['stock_data.common_shares_outstanding']
Have you heard anything about Boeing in the news lately buddy?.,['news_data_source']
What was the lowest stock price for Berkshire Hathaway today?.,['stock_data.price_intraday_low']
Can you tell me the ratio of Proctor & Gamble's operating expenses compared to its current liabilities?.,"['stock_data.operating_expense', 'stock_data.liabilities_short_term']"
Can you tell me about McDonald's and their R&D spending compared to their total current assets?,"['stock_data.research_and_development', 'stock_data.assets_short_term']"
Could you tell me the relationship between the ISM manufacturing index and the S&P industrials sector index please?.,"['economic_indicators.ism_mfg', 'market_data.Industrials']"
"Oh God, I am not sure. Can you tell me what news articles have been recently released about Philip Morris?.",['news_data_source']
